Open,High,Low,Close
1410.6,1427.9,1408.3,1415.1
1421.0,1626.6,1416.15,1607.4
1632.55,1673.9,1613.05,1626.2
1627.75,1627.75,1574.6,1579.05
1580.0,1639.5,1565.5,1595.65
1600.0,1656.0,1592.8,1625.2
1633.1,1635.7,1595.55,1602.95
1631.0,1631.0,1589.0,1603.75
1613.3,1613.35,1575.0,1581.9
1588.1,1608.0,1580.0,1593.7
1605.45,1605.45,1582.2,1586.95
1588.05,1591.15,1570.0,1572.7
1577.15,1645.8,1570.0,1599.9
1609.8,1614.7,1578.55,1587.0
1594.75,1621.0,1587.95,1596.9
1596.95,1609.9,1572.3,1578.9
1581.15,1592.5,1535.0,1556.0
1558.0,1574.4,1516.15,1528.6
1538.6,1603.7,1533.4,1584.6
1598.95,1612.15,1561.7,1570.25
1570.25,1577.95,1545.1,1549.05
1555.0,1559.8,1511.6,1523.0
1523.0,1530.05,1495.0,1503.7
1504.0,1551.9,1500.0,1521.6
1533.1,1549.0,1505.0,1508.9
1502.05,1524.65,1483.15,1504.25
1519.35,1531.0,1506.0,1512.65
1515.0,1525.1,1490.4,1498.8
1510.0,1510.0,1472.25,1485.8
1498.4,1511.95,1476.0,1483.15
1490.45,1505.9,1478.0,1489.55
1498.3,1539.0,1480.65,1493.9
1492.5,1507.9,1479.95,1481.45
1479.95,1500.0,1479.95,1485.55
1491.25,1513.0,1486.15,1491.45
1497.95,1524.6,1486.15,1513.2
1520.0,1535.0,1513.0,1518.6
1514.4,1548.95,1502.05,1510.7
1519.85,1519.95,1501.0,1507.65
1519.05,1524.85,1420.0,1484.3
1482.0,1489.9,1456.55,1463.2
1477.65,1495.0,1420.5,1469.55
1500.0,1500.0,1438.0,1442.15
1442.0,1453.7,1415.2,1422.15
1421.4,1452.0,1405.0,1428.65
1446.9,1473.0,1432.0,1461.8
1469.6,1504.0,1455.0,1492.1
1492.1,1510.0,1474.3,1501.9
1505.0,1525.0,1502.05,1508.65
1505.05,1523.0,1505.0,1509.45
1510.05,1605.0,1509.8,1587.9
1585.0,1606.8,1544.0,1553.4
1560.75,1623.95,1540.0,1599.5
1609.0,1611.2,1564.0,1573.05
1568.95,1588.0,1551.05,1565.65
1563.95,1574.85,1497.0,1511.0
1511.95,1511.95,1472.0,1485.5
1498.45,1513.95,1475.0,1480.15
1483.0,1498.0,1466.4,1483.45
1490.1,1524.95,1470.25,1475.3
1485.0,1488.0,1461.5,1470.1
1478.95,1502.7,1465.5,1475.5
1469.0,1512.0,1469.0,1498.9
1484.0,1569.0,1484.0,1547.5
1521.05,1575.0,1521.05,1535.4
1533.0,1544.85,1501.0,1504.75
1500.0,1552.7,1500.0,1518.7
1519.0,1543.0,1510.1,1515.55
1514.5,1536.0,1478.4,1502.15
1505.1,1520.0,1485.0,1503.45
1511.0,1534.55,1501.2,1507.3
1511.0,1511.0,1490.0,1493.35
1492.0,1516.0,1490.0,1500.4
1507.85,1534.0,1500.4,1508.75
1515.0,1527.9,1507.05,1511.35
1496.0,1557.0,1496.0,1517.95
1526.0,1533.2,1511.5,1528.05
1530.0,1540.0,1515.1,1521.2
1530.0,1534.4,1512.5,1515.35
1515.3,1559.0,1502.6,1517.3
1505.0,1556.0,1489.1,1542.95
1540.0,1609.95,1540.0,1592.75
1600.75,1641.0,1561.1,1612.45
1620.0,1639.0,1600.1,1621.7
1634.0,1645.0,1615.0,1630.15
1637.0,1645.4,1626.4,1636.5
1641.0,1679.7,1621.75,1634.3
1636.3,1647.0,1622.0,1629.05
1629.05,1660.25,1624.6,1636.85
1649.95,1654.0,1636.95,1648.2
1651.0,1674.85,1624.0,1631.65
1585.1,1607.85,1558.0,1563.3
1582.8,1593.0,1570.2,1573.6
1559.0,1584.0,1551.15,1566.35
1576.0,1576.0,1547.3,1557.25
1569.4,1589.0,1541.15,1548.3
1560.9,1560.9,1525.65,1534.75
1542.7,1548.4,1523.65,1528.9
1537.0,1537.0,1500.85,1514.0
1530.0,1532.9,1512.5,1522.35
1521.45,1538.0,1515.0,1520.25
1515.0,1525.0,1506.0,1512.9
1521.0,1533.9,1510.0,1515.75
1510.0,1524.5,1488.0,1500.7
1490.05,1500.0,1480.0,1486.75
1485.0,1497.5,1451.0,1467.4
1453.0,1509.0,1453.0,1462.15
1449.0,1470.0,1449.0,1459.5
1465.0,1470.0,1455.35,1463.7
1466.2,1484.85,1446.0,1451.7
1446.8,1460.5,1421.1,1425.6
1419.0,1419.0,1370.0,1375.75
1372.0,1372.2,1100.6,1100.6
880.5,1098.0,880.5,1026.45
1065.0,1114.0,1065.0,1091.15
1106.4,1129.15,1095.6,1106.2
1116.8,1135.5,1101.0,1106.05
1114.4,1117.0,1080.0,1083.6
1075.0,1075.0,1015.1,1048.8
1045.0,1045.0,905.0,984.1
980.0,982.9,948.1,959.3
959.25,999.0,932.75,984.7
990.0,1014.9,951.0,965.2
970.9,992.95,967.15,984.15
998.0,1002.9,985.3,996.9
999.0,1020.9,997.95,1015.25
1020.0,1030.0,993.6,999.0
994.0,998.8,971.0,977.95
977.0,1012.5,977.0,991.15
998.8,1023.8,990.05,1000.0
993.0,995.9,973.0,986.25
994.9,1014.0,992.0,1000.15
1012.25,1094.5,1012.25,1078.1
1095.0,1109.0,1071.2,1079.1
1080.2,1086.8,1052.3,1068.45
1063.1,1087.9,1048.8,1075.8
1066.0,1100.0,1051.7,1070.4
1080.0,1117.0,1067.0,1077.1
1082.25,1107.0,1055.0,1062.95
1072.0,1084.8,1060.0,1066.4
1072.0,1079.85,1051.15,1058.15
1063.0,1076.0,1058.8,1063.15
1059.95,1059.95,1018.05,1031.6
1030.0,1043.9,1014.0,1019.55
1023.15,1106.0,980.1,1072.85
1078.4,1104.85,1057.0,1072.45
1080.0,1082.0,1025.4,1042.4
1030.0,1074.95,990.0,1056.7
1065.0,1067.6,1022.35,1032.6
1032.85,1039.65,981.0,993.0
996.0,1012.0,984.1,1004.8
990.0,999.0,958.35,970.25
979.95,984.85,955.0,969.4
971.0,996.9,961.0,966.15
973.25,989.0,970.6,973.25
982.2,1008.3,976.35,997.75
999.0,1034.95,998.0,1020.4
1012.0,1016.9,961.25,966.25
967.0,983.4,956.0,963.75
950.0,981.8,940.1,976.05
981.4,988.35,947.45,954.65
950.0,975.0,940.1,958.75
966.0,968.85,952.15,956.75
955.0,992.0,955.0,972.4
960.05,967.7,945.0,949.1
942.0,949.95,920.25,937.6
949.0,958.8,938.0,941.6
940.0,960.4,938.0,941.45
945.0,967.0,943.0,951.2
953.0,957.95,941.0,946.25
950.0,956.0,939.7,943.6
955.0,960.0,942.5,944.6
953.4,953.4,936.0,942.75
950.0,1004.9,950.0,987.2
993.0,1016.9,973.45,1003.3
1010.95,1054.7,1001.0,1011.6
1014.0,1024.9,1001.0,1010.8
1023.0,1023.0,1006.0,1012.85
1012.0,1014.95,995.25,999.3
999.0,1035.0,990.1,1018.1
1035.0,1049.0,1022.05,1034.3
1035.0,1049.8,994.95,1013.85
1004.0,1038.8,1002.0,1018.75
1015.0,1026.95,1001.0,1005.4
1008.0,1016.2,985.95,991.5
998.0,1010.0,990.0,1007.7
1006.2,1020.0,1000.1,1004.45
995.05,1005.0,984.15,991.2
996.0,1007.9,985.0,1000.7
1010.0,1032.0,1006.05,1010.5
1016.0,1028.9,1005.05,1008.15
1005.0,1017.7,1000.1,1008.2
1014.9,1016.6,995.0,1001.0
1002.0,1013.0,999.0,1006.75
1008.0,1102.0,1008.0,1075.05
1090.0,1124.0,1070.0,1107.25
1108.0,1144.0,1105.05,1109.0
1115.0,1130.0,1071.15,1076.75
1076.2,1127.45,1076.2,1115.7
1121.8,1133.3,1101.55,1112.6
1118.0,1130.0,1105.0,1113.5
1117.7,1135.0,1102.55,1105.85
1108.0,1109.9,1078.0,1085.05
1081.0,1157.2,1081.0,1108.35
1105.0,1114.9,1070.0,1092.55
1099.6,1099.7,1070.0,1074.0
1079.85,1098.0,1060.0,1079.35
1086.0,1108.0,1070.4,1086.5
1093.95,1103.0,1085.0,1093.95
1090.0,1138.0,1090.0,1124.8
1133.4,1135.8,1123.0,1127.8
1128.0,1159.0,1115.0,1138.55
1138.55,1182.9,1124.0,1130.5
1132.0,1155.95,1020.05,1054.75
1060.0,1065.0,1012.0,1029.5
1020.0,1036.95,1005.1,1008.9
1010.0,1042.5,1002.0,1019.7
1026.0,1034.5,1006.2,1012.45
1015.0,1036.0,1013.45,1023.45
1027.0,1038.0,1023.05,1029.15
1025.0,1039.0,1025.0,1029.65
1030.0,1055.0,1017.75,1027.2
1030.0,1035.0,1000.0,1006.6
1010.2,1037.8,990.05,996.4
1001.0,1017.55,995.15,998.55
1006.7,1014.3,993.0,997.55
1000.0,1006.0,975.0,978.95
988.0,992.75,974.0,979.4
978.0,998.35,978.0,987.5
988.0,1011.5,988.0,993.35
994.0,1002.2,985.0,989.4
985.05,1019.0,985.05,993.2
1003.35,1023.9,991.8,996.4
996.0,1005.0,993.0,995.1
1009.0,1010.0,990.0,991.95
995.0,1006.0,981.4,988.0
992.9,994.8,973.55,978.15
981.0,989.0,960.0,963.4
955.0,969.0,953.2,956.85
950.1,970.0,950.1,957.85
958.1,972.0,958.1,962.8
956.6,978.8,956.55,970.3
975.0,978.0,958.0,961.15
956.0,989.0,956.0,978.95
980.0,997.7,980.0,986.8
990.0,995.05,979.0,984.55
980.0,1008.0,979.1,991.75
992.25,999.0,985.0,987.35
990.25,994.4,980.0,984.7
990.0,991.0,976.0,979.7
986.0,1005.0,980.3,992.45
995.25,1012.4,981.0,982.6
980.0,990.5,977.0,987.05
990.0,994.7,982.0,984.8
981.4,1030.0,981.4,1017.75
1025.7,1043.0,1014.75,1028.85
1034.0,1055.0,1016.2,1049.9
1050.0,1090.9,1030.75,1046.75
1051.95,1055.7,1012.1,1021.95
1024.0,1037.7,1013.0,1017.65
1016.25,1032.0,1016.0,1019.85
1021.25,1024.65,990.2,993.8
999.0,999.0,961.0,963.9
965.0,974.25,956.1,969.95
976.0,987.8,970.0,973.5
984.0,989.95,945.1,951.1
952.0,957.0,925.0,926.75
927.7,930.9,909.0,911.8
900.0,902.0,882.0,889.25
882.15,903.5,882.15,891.6
895.0,919.0,894.95,897.2
887.95,892.0,870.05,879.75
877.1,894.9,874.05,878.1
873.0,891.8,873.0,877.35
870.0,908.0,870.0,896.95
902.0,926.15,893.95,898.0
904.7,916.0,895.8,909.65
915.0,928.0,910.0,914.1
920.0,920.8,893.25,896.0
895.05,918.9,895.05,907.7
908.0,915.0,898.0,901.55
907.4,907.4,878.2,880.65
890.0,893.0,871.0,881.4
887.65,887.65,872.5,874.45
878.3,885.0,868.35,879.4
884.4,915.0,884.4,904.55
907.5,941.0,905.05,925.6
934.0,947.2,910.5,915.6
915.6,929.9,910.1,914.3
921.45,930.0,907.0,909.3
915.0,925.9,906.1,908.4
915.75,923.0,906.2,909.75
911.0,915.1,882.35,888.15
894.7,933.9,894.6,913.35
920.9,922.6,905.0,909.95
916.9,928.0,910.35,914.95
918.0,924.0,897.2,904.85
908.0,924.0,901.2,905.1
913.0,930.6,910.0,918.1
921.85,977.0,921.85,953.75
961.0,966.7,934.65,939.3
937.0,938.9,923.0,930.7
937.0,939.7,917.55,923.5
929.9,947.0,922.5,933.1
938.0,946.8,930.0,932.3
932.05,944.9,932.05,935.55
940.0,941.5,933.0,934.8
935.0,945.0,935.0,942.0
940.0,960.0,940.0,948.05
949.0,956.0,918.0,927.7
934.0,938.4,924.0,928.45
930.5,952.0,924.0,941.85
948.9,974.0,944.0,954.05
958.0,1041.35,948.0,1029.25
1038.5,1050.0,1010.05,1016.1
1020.0,1040.0,1010.0,1018.9
1026.0,1044.2,996.75,1003.3
1010.85,1024.85,1000.0,1007.5
1015.95,1075.0,1012.1,1049.5
1055.0,1064.0,1029.0,1032.8
1035.1,1052.8,1022.2,1032.45
1039.65,1051.8,1020.1,1024.8
1028.55,1032.65,1010.0,1012.65
1017.95,1038.0,1002.5,1028.95
1037.15,1047.9,1022.25,1026.1
1020.15,1035.5,1016.5,1019.75
1027.65,1048.8,1025.25,1038.75
1044.0,1062.0,1038.35,1050.75
1052.2,1057.25,1038.0,1041.4
1041.4,1046.3,1021.0,1025.15
1033.0,1039.95,986.0,1007.35
1014.0,1022.0,1001.25,1017.0
1020.0,1032.3,1011.05,1021.8
1020.0,1041.0,1016.15,1023.55
1021.25,1028.0,1007.0,1010.65
1012.0,1019.0,996.25,1001.6
995.65,1020.0,995.65,1017.1
1010.5,1022.0,999.0,1004.7
1013.9,1028.0,1011.1,1016.15
990.0,997.0,948.85,963.35
971.7,979.15,908.0,914.25
920.9,936.95,901.2,905.85
907.1,936.0,907.1,924.7
930.0,969.0,926.0,955.05
961.85,968.6,945.1,949.3
945.15,962.0,939.8,945.0
950.0,959.4,947.15,953.4
962.45,963.85,920.0,928.25
928.05,936.65,912.0,921.4
916.0,929.0,916.0,920.95
926.8,940.0,915.0,919.15
924.1,928.7,908.0,910.95
905.15,923.0,905.15,917.9
925.0,942.5,918.25,928.8
933.95,955.0,929.05,942.5
944.0,977.0,944.0,966.35
973.9,1009.0,966.35,1003.55
1013.0,1038.8,1008.5,1019.1
1022.0,1024.4,985.15,1002.8
1005.9,1022.0,982.0,990.25
990.0,1003.8,976.55,983.75
990.8,993.0,952.0,956.25
949.2,976.0,941.0,967.35
969.7,994.0,966.0,978.4
977.5,989.0,952.1,965.7
967.9,979.7,957.0,970.15
960.45,978.0,955.25,961.7
955.2,977.95,955.2,960.05
960.0,986.0,960.0,973.95
979.0,991.8,969.05,973.7
971.5,978.95,957.6,961.35
968.75,987.0,960.1,974.25
980.0,987.0,970.0,976.3
980.0,997.85,976.1,984.6
987.0,1002.7,987.0,992.7
989.0,994.0,980.1,983.0
984.0,990.0,972.95,980.9
987.9,990.7,973.25,978.75
979.0,985.45,944.6,950.0
957.8,957.8,932.2,940.4
941.0,954.0,925.0,941.45
942.0,948.45,906.05,913.25
920.0,932.5,912.0,926.2
932.0,939.0,924.1,935.6
931.5,949.0,931.5,945.1
940.15,970.0,937.0,963.6
959.75,983.0,952.15,965.5
962.05,975.7,962.05,970.9
975.45,991.3,932.2,951.75
945.2,949.0,928.6,936.45
942.5,945.0,930.6,933.45
931.0,941.95,926.0,929.6
929.0,934.9,922.2,924.6
920.1,928.65,916.0,924.1
924.1,941.0,920.0,928.1
920.0,935.0,920.0,921.45
929.0,929.4,920.65,923.65
928.9,928.9,921.0,923.7
921.65,932.0,921.0,925.3
925.3,930.0,921.5,924.65
921.0,922.05,906.1,911.3
920.0,922.9,907.2,909.2
915.0,915.8,908.0,911.05
909.85,913.15,895.5,900.45
902.0,902.0,890.0,895.55
891.0,934.0,891.0,914.9
919.9,920.95,908.1,911.8
911.8,918.0,908.0,912.0
910.25,934.0,910.25,915.35
923.0,923.3,908.5,910.95
910.15,923.9,905.85,909.55
909.55,915.3,898.0,902.95
910.0,913.05,897.25,903.3
905.0,908.5,896.5,898.4
905.9,905.9,896.5,898.65
900.0,913.0,895.1,897.75
902.0,902.0,893.0,896.9
896.9,925.0,887.05,916.75
918.6,929.7,909.05,917.4
913.0,966.0,913.0,953.2
959.35,975.0,936.1,964.7
954.9,971.8,950.0,951.9
953.0,977.0,945.25,959.25
966.85,977.0,961.0,967.45
969.0,999.0,968.0,979.85
983.0,993.9,922.0,933.8
943.75,954.0,926.0,946.15
946.0,964.95,940.0,953.25
958.9,998.0,958.0,970.25
962.5,979.35,951.0,969.7
966.0,979.0,940.15,944.65
936.05,964.4,931.0,953.65
948.3,962.35,916.55,920.0
925.8,932.0,913.05,924.2
929.25,934.7,915.45,920.25
923.0,942.0,912.0,923.25
924.0,929.8,915.0,917.05
921.0,955.0,921.0,928.0
930.0,943.0,921.0,927.4
928.05,941.95,928.05,930.3
930.0,936.45,920.0,921.95
914.25,932.0,914.25,922.55
917.35,928.95,917.35,921.3
920.0,925.0,906.0,909.85
909.85,916.35,908.15,910.25
921.0,926.1,907.55,909.8
915.0,954.9,907.9,942.0
946.9,946.9,922.6,925.05
930.9,935.05,926.0,931.55
936.0,936.0,916.1,920.25
912.0,927.9,911.0,916.8
920.0,924.6,913.0,915.95
917.0,922.85,911.0,917.25
923.95,938.85,919.4,929.25
925.0,939.0,925.0,927.4
923.05,933.0,918.15,921.15
923.8,923.95,913.2,917.2
921.0,936.9,914.4,928.8
930.0,933.0,917.5,920.1
923.0,926.5,915.2,917.5
919.45,949.85,916.2,927.5
928.2,935.0,922.5,926.15
927.0,984.0,923.0,969.75
974.0,988.0,969.8,975.65
976.2,987.0,954.6,959.4
962.0,986.0,959.65,976.2
980.0,983.35,956.95,962.9
969.95,981.7,966.05,969.4
978.0,1008.0,970.1,977.9
995.0,1030.0,993.1,1009.7
1012.5,1022.4,993.0,1009.6
1014.0,1021.7,997.0,1004.15
1005.0,1020.0,1002.0,1004.05
1005.0,1005.0,990.0,1000.2
1000.2,1024.9,1000.0,1014.5
1014.5,1022.0,1001.7,1005.7
1001.35,1027.0,1001.35,1010.05
1005.0,1013.8,991.4,995.3
993.0,1007.9,976.8,981.65
984.8,993.6,979.0,982.3
984.4,986.95,971.1,980.9
980.1,1005.0,975.25,980.0
972.6,981.9,970.15,974.0
970.0,976.25,942.0,954.05
946.2,952.95,930.0,932.7
941.95,960.9,941.95,950.9
969.0,973.8,955.65,959.35
962.4,965.9,954.0,959.2
963.7,964.9,948.0,949.95
950.0,963.0,941.6,943.4
944.95,950.0,936.0,939.25
942.0,949.4,942.0,944.4
947.4,949.85,942.0,946.5
946.5,966.25,945.95,955.7
954.0,963.75,936.0,957.9
958.0,969.5,950.0,954.6
952.0,963.05,945.55,948.6
941.2,947.4,932.0,933.9
932.2,943.85,923.0,926.85
931.0,945.0,931.0,942.3
946.0,962.0,936.0,946.0
948.0,962.3,942.0,946.4
948.0,960.0,941.2,948.55
956.95,997.8,956.95,989.55
1000.05,1008.45,987.0,992.95
993.0,999.95,985.1,995.1
999.0,1007.7,990.0,997.15
999.0,1024.0,995.3,1009.75
1013.7,1024.0,1005.1,1010.55
1010.0,1038.4,1001.0,1004.9
102.0,106.4,101.0,102.3
99.7,105.2,97.3,102.05
101.8,102.4,98.8,99.2
98.5,100.0,97.1,98.75
102.0,102.9,97.3,97.85
98.45,101.7,97.7,98.3
98.5,100.75,96.0,96.3
96.8,97.4,93.8,94.35
94.75,96.0,91.75,92.55
92.6,92.95,90.0,90.5
90.25,90.25,86.9,87.25
86.75,87.75,85.1,86.55
88.0,89.0,87.5,88.3
89.25,98.0,89.2,95.9
96.65,96.65,92.65,94.0
94.5,94.9,92.3,92.75
93.4,94.75,91.4,92.1
92.5,93.25,91.25,92.6
92.95,96.35,91.65,94.7
96.0,98.95,95.05,95.45
95.95,95.95,92.6,93.8
95.05,96.7,92.15,92.85
93.2,93.2,90.4,90.9
92.2,95.4,92.0,94.75
95.9,95.9,93.65,94.1
95.0,95.4,93.25,94.05
94.5,103.0,93.15,101.65
102.05,102.9,95.2,96.2
96.8,102.4,95.25,98.75
97.8,100.5,96.25,98.15
98.4,99.45,96.0,96.95
97.4,97.5,95.65,96.0
97.1,98.95,96.5,97.65
97.95,97.95,95.1,95.4
96.0,96.5,94.3,94.8
95.25,96.4,93.2,94.35
94.9,95.4,93.5,93.95
94.55,94.85,93.0,93.3
93.25,93.4,91.0,91.3
92.0,92.0,89.7,90.15
90.3,92.9,89.0,92.15
93.7,94.7,88.55,89.65
90.1,91.45,88.6,89.55
92.45,92.5,89.15,90.0
91.5,92.5,90.55,90.95
91.35,92.45,90.25,90.6
90.5,94.0,90.35,93.0
93.25,93.7,91.55,92.05
92.45,93.5,91.45,92.1
92.5,93.5,91.9,92.6
92.95,95.0,92.3,93.15
93.15,96.4,92.9,95.75
97.5,97.95,95.55,96.3
96.7,96.7,93.0,93.6
93.8,94.0,92.8,93.25
93.1,94.3,92.25,92.5
92.0,93.0,89.65,90.45
90.45,91.0,89.6,90.05
90.5,91.2,88.5,89.6
90.25,90.75,89.0,89.65
89.95,89.95,87.9,88.1
87.3,88.0,86.55,86.8
86.5,88.75,85.9,87.85
88.2,88.9,87.5,88.05
88.05,89.0,86.9,87.85
88.6,89.35,88.3,89.05
89.7,91.0,89.05,89.45
89.5,89.75,87.05,87.7
87.5,87.65,86.0,86.65
87.45,87.85,86.5,87.25
87.7,88.9,87.05,87.6
87.6,88.0,86.5,87.15
87.9,91.0,87.0,88.6
89.0,90.7,87.2,90.15
90.5,91.9,90.05,90.4
100.0,100.4,95.8,96.25
94.5,95.95,93.6,94.4
94.0,95.2,92.15,92.75
93.0,93.5,91.7,92.3
94.2,94.2,90.4,90.85
90.9,91.95,90.05,90.65
90.7,93.0,89.5,89.85
89.4,90.8,88.1,89.25
89.3,90.45,88.75,89.55
89.85,90.5,88.4,89.35
89.95,90.4,88.75,89.5
89.6,89.8,87.7,87.95
88.0,88.0,84.9,85.8
86.25,86.9,85.15,86.3
87.3,87.3,85.5,86.45
86.5,86.5,85.3,85.6
85.05,86.5,84.9,85.65
86.0,86.95,85.3,86.4
87.85,87.85,85.1,85.35
85.4,85.7,84.4,84.95
85.1,86.4,84.8,85.4
85.2,85.6,84.25,85.1
85.6,86.8,84.85,86.1
86.45,86.95,85.6,86.05
86.25,91.9,85.85,89.65
90.45,91.3,88.5,88.7
88.6,90.55,88.35,89.6
89.95,90.35,88.1,88.4
88.0,89.4,87.3,88.3
88.0,88.75,85.75,88.0
86.0,86.95,84.6,86.1
87.6,88.95,87.5,87.95
87.95,88.9,87.15,87.85
88.1,90.0,86.9,87.8
87.9,88.5,87.1,87.75
87.5,89.75,87.1,89.2
89.7,93.4,89.0,90.7
90.8,91.8,88.75,89.4
89.85,90.3,89.1,89.5
89.9,89.95,88.15,88.35
88.4,89.9,88.15,89.35
90.9,91.75,90.4,90.75
91.25,91.9,90.0,90.2
90.75,92.35,90.5,91.85
91.25,92.45,90.5,91.8
92.3,93.25,92.1,92.35
90.2,90.35,87.75,88.1
88.1,88.8,87.35,88.3
88.65,91.25,88.15,88.7
88.65,90.5,88.4,88.9
88.5,88.7,87.0,87.2
87.9,88.7,87.1,87.3
87.9,87.9,86.4,86.55
87.0,87.65,86.5,86.65
87.0,88.8,86.7,87.55
88.45,88.65,87.7,87.9
88.25,96.35,87.9,94.1
94.4,96.35,91.95,93.5
93.7,96.6,92.05,93.05
93.0,98.0,92.75,96.5
97.6,99.3,95.5,97.0
97.45,98.35,95.65,96.65
96.35,97.3,94.2,95.25
95.9,96.8,93.0,94.4
94.55,96.1,93.6,94.35
95.0,96.4,92.75,95.7
103.0,107.4,101.3,102.1
102.0,102.9,96.8,100.05
99.0,99.4,97.0,97.55
96.0,96.3,93.2,95.1
92.4,92.8,87.5,88.6
90.0,90.65,86.1,89.05
88.5,89.85,87.5,88.85
90.0,92.0,89.1,89.45
90.9,91.85,89.1,89.7
89.7,90.3,89.15,89.7
89.35,89.8,88.0,88.9
89.1,90.0,87.9,89.05
89.2,91.2,89.0,90.8
91.0,91.05,88.25,89.0
89.0,89.95,88.0,88.95
89.0,89.75,86.9,89.2
90.5,93.95,89.45,92.6
90.2,91.8,90.1,90.9
91.8,91.95,90.1,90.85
91.5,91.8,90.45,90.7
90.5,90.8,89.75,90.25
90.5,91.15,90.0,90.6
91.0,91.7,90.6,90.9
90.05,92.4,90.0,92.0
94.2,96.0,92.2,93.15
92.55,92.55,90.55,91.05
90.55,92.7,90.55,91.15
91.8,92.45,90.55,90.75
90.0,91.7,89.85,91.15
91.15,92.8,91.15,92.05
92.75,92.75,91.4,92.25
92.4,93.0,90.5,92.1
92.5,94.4,91.8,92.15
93.85,95.0,92.05,93.1
93.0,93.95,92.15,92.35
92.65,94.15,92.6,92.9
93.35,93.55,91.65,92.0
92.95,95.8,92.25,94.5
95.8,98.4,94.6,95.05
95.25,95.6,92.6,93.3
93.75,94.25,92.45,92.7
94.0,95.4,92.75,93.0
93.4,94.8,92.65,92.95
93.4,94.55,92.0,92.6
92.6,93.15,90.05,90.5
90.8,91.3,89.0,89.15
89.0,90.4,88.5,88.95
88.95,90.0,88.35,88.6
89.1,90.8,88.5,88.9
88.3,89.45,88.0,88.25
88.8,90.0,88.05,88.35
88.7,89.4,88.3,88.5
88.7,89.2,87.5,87.95
88.0,88.1,86.5,87.2
87.1,88.2,86.1,87.4
86.5,87.45,83.55,86.7
86.4,89.75,86.3,88.1
90.1,93.0,90.1,91.55
90.1,94.3,90.0,92.05
91.0,92.0,89.75,90.05
90.5,93.65,90.05,91.65
91.8,93.6,91.25,91.8
93.0,94.1,91.5,92.2
92.5,94.7,91.65,92.05
92.05,92.75,90.75,91.0
91.05,91.4,89.1,89.7
90.1,91.45,89.5,90.05
90.25,90.65,89.45,89.6
90.8,90.8,89.55,89.85
90.3,91.0,90.0,90.45
90.8,91.0,89.7,89.85
90.0,90.4,88.85,89.1
88.75,89.8,88.4,88.6
89.0,89.3,88.1,88.55
88.9,91.2,88.15,88.85
88.75,90.15,86.7,86.95
87.2,88.0,86.75,87.6
87.5,88.95,86.25,88.45
87.8,88.35,87.1,87.5
87.5,88.9,87.5,88.1
88.6,89.35,87.7,88.4
88.9,90.5,88.5,89.45
88.8,89.5,88.6,88.75
88.75,89.35,88.3,88.6
89.5,89.5,88.2,88.35
88.6,89.75,88.5,89.4
90.7,91.2,89.9,90.65
91.5,93.95,90.8,93.65
93.7,98.65,92.6,96.5
96.25,100.25,94.65,97.3
97.3,99.1,96.0,97.65
97.5,98.75,97.25,98.1
97.8,97.8,95.1,95.6
95.2,107.0,95.2,103.3
103.0,104.7,100.65,101.45
99.9,99.9,96.0,97.65
98.15,111.7,96.3,109.1
106.45,113.8,104.7,108.6
109.2,110.65,103.2,105.15
106.3,107.75,95.35,99.3
96.8,102.55,95.25,98.6
99.6,102.3,94.3,95.1
95.0,95.4,89.7,90.45
91.1,93.45,89.25,92.15
90.7,93.2,88.25,90.4
91.8,93.0,90.4,91.3
91.7,94.4,91.7,92.7
93.15,98.35,93.15,96.5
97.0,99.0,96.0,96.85
100.8,101.8,96.65,97.15
97.85,99.7,96.15,97.5
97.85,99.0,96.6,97.5
97.6,98.8,92.8,93.8
92.8,95.8,91.85,93.25
94.0,94.95,91.05,91.85
92.1,94.0,91.7,93.0
92.5,94.0,92.5,92.9
92.25,92.8,91.3,91.7
91.0,92.05,86.55,87.7
87.65,87.7,84.2,84.9
84.65,86.75,82.35,85.75
86.5,89.4,86.5,87.5
87.9,88.2,84.95,85.25
85.25,85.25,81.3,83.55
84.3,85.3,82.55,83.6
84.0,88.45,83.9,87.55
87.85,88.2,86.65,87.0
87.0,87.4,85.15,85.75
85.3,86.0,83.5,85.0
85.25,86.0,84.1,84.65
85.1,85.75,83.2,83.6
83.6,85.3,82.6,83.45
83.35,86.75,83.35,85.45
86.4,88.0,86.0,87.0
87.4,89.9,87.0,87.8
87.6,89.3,87.05,88.2
88.0,90.2,87.2,88.5
88.35,88.95,87.55,88.5
88.5,88.9,87.3,87.95
88.0,91.8,87.55,90.45
92.2,93.3,90.55,91.1
91.0,91.75,89.1,89.7
89.45,90.5,88.2,89.3
89.95,91.25,88.3,88.85
90.5,91.2,88.25,90.15
90.0,90.9,89.4,90.35
90.6,93.45,90.25,91.6
91.2,92.95,90.2,90.65
90.7,90.8,88.05,88.5
88.1,89.55,87.4,87.7
88.45,90.9,88.15,88.95
90.5,90.9,89.2,89.6
89.1,93.0,89.1,91.95
92.05,95.6,91.1,94.95
94.45,95.8,91.0,91.8
92.45,94.6,91.7,93.4
93.9,93.9,91.0,91.55
91.5,91.8,90.1,90.85
90.9,91.5,90.15,90.65
90.8,91.5,90.1,90.35
91.05,91.75,90.35,90.75
90.7,91.9,90.55,91.15
91.3,92.9,91.0,92.2
92.65,93.0,90.6,90.95
91.0,92.9,90.45,91.65
91.9,92.25,90.35,91.75
93.0,93.4,92.2,92.75
93.0,94.9,92.4,94.25
93.7,94.05,91.55,91.9
92.2,92.4,90.1,91.2
90.55,91.1,90.45,90.75
91.8,92.9,90.85,91.15
90.9,91.4,89.5,89.9
89.8,90.5,89.4,89.95
89.7,90.25,89.4,89.85
91.15,91.7,90.2,91.3
91.45,91.9,90.5,90.75
89.8,91.0,89.4,90.3
90.5,91.4,90.4,90.9
90.65,91.8,90.25,91.35
91.9,93.25,90.95,91.9
90.05,90.5,88.6,88.9
89.25,89.5,88.35,89.0
89.0,89.4,88.0,88.1
88.1,88.4,87.4,87.65
88.0,88.4,86.75,87.05
87.4,87.65,85.2,85.85
86.85,87.35,85.95,86.95
87.4,87.4,86.6,86.95
86.7,88.5,86.7,87.8
88.0,89.15,88.0,88.45
88.9,89.5,87.0,87.7
87.9,88.25,87.25,87.7
87.7,87.85,87.05,87.4
87.7,89.9,87.4,87.9
88.65,88.65,87.5,87.75
88.1,88.8,87.55,88.2
88.3,90.8,87.95,90.05
92.05,94.4,91.0,91.7
91.5,92.45,90.2,90.75
90.05,105.4,89.65,101.8
102.3,104.7,99.25,100.15
100.6,103.2,99.3,99.95
100.25,102.5,98.5,99.95
100.5,106.4,100.3,102.5
101.4,103.5,99.85,100.45
101.4,101.9,98.1,98.45
98.9,109.7,98.2,107.55
105.9,106.4,102.05,102.65
97.75,100.0,95.7,98.8
99.0,105.45,98.95,103.95
103.95,107.5,103.5,104.35
105.5,108.5,104.95,105.6
106.6,108.25,105.25,105.75
106.5,114.95,106.1,114.25
114.3,116.4,112.5,113.0
113.0,115.65,111.55,114.0
113.1,118.25,112.75,115.7
114.75,115.45,112.6,113.25
114.4,116.7,113.5,114.05
114.85,116.75,113.8,114.35
114.8,116.7,114.05,115.15
115.55,119.45,115.15,117.55
118.4,119.9,116.3,117.2
117.5,119.7,114.5,115.65
115.85,117.5,113.35,115.45
115.35,117.5,115.15,116.05
116.7,117.4,113.2,113.6
114.05,114.9,111.75,112.4
112.65,116.8,110.8,116.5
116.8,117.65,113.1,113.75
113.75,121.4,112.5,117.9
118.9,123.8,117.15,121.85
122.0,123.5,119.1,119.7
119.9,122.1,117.25,118.9
119.2,121.0,115.5,116.4
116.7,116.9,112.5,113.35
114.3,115.5,111.55,112.1
113.0,116.0,111.8,115.45
125.2,131.3,124.5,126.65
126.5,127.65,123.5,124.2
124.45,126.0,120.9,121.7
121.25,124.45,118.1,120.85
121.6,125.8,121.2,122.4
122.3,124.2,121.0,121.5
121.35,123.95,121.35,122.3
122.8,125.15,122.5,123.85
124.1,132.5,121.75,130.35
129.8,130.0,126.55,127.6
127.6,130.9,126.8,129.45
129.5,135.7,129.5,133.55
134.0,134.45,130.5,131.25
131.35,131.95,127.2,127.8
127.7,130.8,125.4,128.35
128.5,131.25,128.5,129.75
129.75,132.0,127.65,128.2
128.2,130.5,126.15,126.8
127.45,129.7,127.35,127.75
128.35,129.5,127.25,128.1
128.4,131.6,126.8,128.3
128.7,129.7,126.85,127.3
128.0,129.0,124.95,125.4
122.0,124.3,119.55,120.35
121.45,124.5,120.7,122.95
123.0,124.75,122.4,123.7
127.25,128.7,123.5,124.75
125.4,125.75,123.65,124.0
124.95,125.9,123.65,124.1
125.4,128.0,124.6,125.7
127.0,129.0,126.8,127.55
128.0,131.0,126.85,127.4
127.0,128.0,124.6,125.65
126.0,127.0,124.5,126.1
127.0,131.4,126.4,129.35
130.05,131.2,118.1,121.8
121.8,125.1,121.3,123.3
123.95,127.0,123.95,125.6
126.5,126.55,124.4,125.25
125.5,133.95,124.65,132.1
133.1,135.95,129.55,131.2
132.0,133.95,130.0,130.75
131.55,132.75,131.0,131.75
131.0,131.6,127.1,128.9
129.5,138.5,127.5,137.4
138.5,143.0,136.55,142.0
142.75,145.0,142.55,144.15
145.0,147.75,144.0,146.6
149.6,150.0,140.1,141.55
141.5,142.15,136.65,137.2
137.0,138.4,134.55,134.9
133.5,133.5,129.35,130.65
130.85,133.0,129.55,130.6
128.0,128.7,124.7,126.2
126.95,129.35,126.6,128.15
129.85,130.05,128.25,128.8
129.0,131.6,127.1,129.5
127.9,127.9,125.2,125.7
125.1,128.2,123.0,124.85
124.05,124.05,118.85,119.8
121.0,123.95,120.5,122.55
123.35,124.95,122.75,123.7
110.4,121.65,108.25,119.75
123.8,123.95,122.15,123.25
122.0,122.0,116.1,117.35
119.0,119.0,111.7,112.7
117.2,118.0,113.0,113.65
114.0,115.6,112.2,112.85
114.85,114.85,112.55,113.15
113.2,113.95,107.35,108.45
108.8,110.5,107.1,108.25
109.3,113.15,107.1,111.7
111.5,114.65,109.9,112.85
114.0,116.5,113.0,115.85
114.7,117.8,114.5,116.25
117.0,117.95,115.25,116.8
117.0,118.1,115.6,116.45
117.0,117.15,114.35,115.8
115.8,115.8,113.25,114.15
113.3,118.65,113.3,117.9
117.9,120.8,116.7,119.55
120.3,120.45,116.35,117.1
118.2,120.4,117.5,117.9
118.95,119.9,117.05,117.9
118.25,118.45,115.5,116.25
117.15,117.8,115.2,115.75
116.9,116.9,112.2,113.45
112.9,115.9,112.1,115.2
115.2,115.75,114.3,115.15
115.85,115.85,113.05,113.4
115.15,117.2,114.45,116.3
116.0,116.95,113.1,113.75
114.0,114.0,111.3,112.05
112.25,114.9,111.35,113.7
113.9,113.9,108.4,109.75
110.95,111.4,108.85,109.7
110.0,112.4,110.0,111.25
111.25,112.7,109.3,111.5
111.5,114.1,111.5,113.4
113.7,116.75,113.05,115.3
115.5,118.0,115.3,116.9
117.9,117.9,115.4,115.7
116.05,117.5,114.8,115.0
116.2,117.75,114.55,114.9
115.4,115.7,113.5,113.9
114.0,115.8,114.0,114.95
115.9,116.35,114.5,115.15
115.2,117.4,114.9,115.25
117.9,123.9,117.3,122.3
122.5,124.5,120.4,121.35
121.75,122.8,120.8,121.45
122.4,124.8,122.2,123.65
123.45,124.5,122.55,123.4
123.0,123.9,120.65,121.5
121.75,125.7,121.75,123.8
125.0,125.15,123.6,123.9
124.0,127.1,124.0,125.75
126.9,127.7,125.6,126.45
124.8,126.8,121.15,124.9
124.8,125.5,122.25,123.75
123.65,124.4,121.5,122.75
123.3,125.7,122.6,123.0
123.0,126.25,122.6,124.95
125.0,126.2,124.5,124.7
124.95,126.45,122.3,123.7
123.95,126.5,123.75,125.95
125.95,129.4,125.8,128.65
129.05,132.0,128.9,129.65
129.95,130.75,126.5,127.5
127.05,127.85,121.05,121.75
121.1,122.5,115.85,117.5
118.4,120.2,116.7,119.7
120.0,122.5,120.0,121.4
121.95,124.1,121.2,122.75
122.7,124.4,122.25,122.75
123.0,123.8,121.45,121.9
122.2,122.6,120.2,120.6
120.75,121.9,119.65,119.95
120.0,123.5,119.85,122.65
123.25,125.5,122.7,124.0
125.0,127.0,121.5,122.1
122.5,125.1,121.4,123.75
123.8,125.25,123.55,124.9
124.9,125.0,122.1,123.05
123.05,123.75,121.7,122.1
122.0,122.7,121.0,121.55
122.9,122.9,120.2,120.75
122.0,123.2,120.15,121.05
121.65,122.5,120.0,120.35
121.35,124.8,121.3,122.7
123.0,123.8,122.4,123.05
124.0,125.8,122.9,124.85
124.95,126.5,123.7,124.3
123.45,124.2,121.4,121.6
121.6,126.3,121.6,124.85
124.9,127.9,124.5,125.15
125.6,132.2,124.0,127.4
128.5,129.6,126.1,126.8
127.4,127.4,124.6,125.0
125.25,126.7,124.15,125.2
125.1,127.75,124.75,126.2
127.3,127.5,125.55,126.55
126.55,127.35,125.1,125.4
125.5,129.5,125.5,127.15
127.0,128.8,125.4,126.25
126.3,127.25,125.5,126.0
126.0,128.75,126.0,127.8
130.5,130.5,126.0,126.25
126.45,128.3,125.5,125.85
126.9,126.9,124.7,124.95
125.8,127.4,124.5,126.25
125.5,128.0,125.35,126.9
127.45,128.2,124.95,125.9
126.3,127.0,124.3,124.65
125.2,126.0,124.15,124.5
125.0,125.8,123.5,124.1
124.2,127.55,124.2,125.05
125.25,125.5,123.8,124.15
125.0,126.5,124.05,126.05
126.45,129.4,125.0,127.25
128.0,128.95,126.1,128.25
128.55,129.9,125.9,126.15
126.55,130.75,125.3,129.8
130.95,135.5,130.6,133.1
133.5,135.0,131.6,132.55
133.45,133.7,131.25,131.9
132.45,132.65,129.55,129.95
130.4,130.85,126.15,129.1
130.6,131.4,128.6,130.1
130.75,132.0,129.05,131.05
131.8,131.8,129.6,130.2
129.2,132.25,128.9,130.3
139.0,139.0,132.75,134.5
136.0,136.5,130.5,131.35
132.3,132.3,126.5,128.8
128.8,128.8,123.2,124.25
124.4,127.3,124.4,126.75
127.8,130.75,126.65,130.05
130.8,130.8,126.05,126.85
126.85,127.1,125.0,125.55
125.8,128.4,125.8,126.9
126.6,131.1,126.6,128.75
128.85,131.2,128.85,129.5
129.55,130.9,128.5,129.9
129.05,130.1,127.2,127.65
128.15,130.2,127.5,128.8
128.9,129.35,127.5,127.85
127.6,128.2,126.05,127.35
126.9,129.4,126.2,126.75
126.95,130.65,126.9,129.45
129.3,136.75,128.3,135.1
135.9,137.4,133.1,134.45
134.5,137.4,133.65,134.2
134.35,135.6,132.55,132.95
133.35,134.3,130.85,131.1
130.9,133.4,129.55,130.85
131.25,132.1,129.0,129.45
130.8,130.8,127.1,128.35
127.7,129.45,126.1,127.6
127.5,128.4,126.65,127.45
127.95,129.45,127.7,128.55
126.75,129.9,126.35,128.9
129.2,134.25,128.5,133.45
135.6,137.0,133.5,133.8
137.0,145.0,135.25,141.25
142.0,144.3,139.5,140.15
140.8,144.15,140.15,142.75
150.0,150.0,143.0,146.75
147.45,150.5,144.45,145.5
146.0,147.05,143.1,145.05
146.25,146.35,143.25,144.4
144.4,144.7,141.5,142.9
143.5,145.9,142.0,143.1
142.95,142.95,138.0,138.25
138.95,142.35,138.3,141.3
140.5,141.75,138.4,138.9
138.95,139.9,137.2,138.55
138.75,140.4,136.55,137.55
137.9,139.15,136.55,137.25
137.35,139.25,136.5,136.85
137.25,138.5,130.9,132.7
130.1,130.95,128.7,129.1
129.85,130.3,128.75,129.2
129.75,131.6,128.9,130.4
130.8,131.15,127.85,128.4
128.95,129.0,127.25,127.7
128.35,128.35,126.9,127.15
127.45,128.4,126.75,127.8
128.1,128.1,125.55,126.0
126.0,126.25,121.5,122.1
121.75,122.95,119.0,119.7
119.65,120.9,117.0,119.15
120.6,127.0,120.6,125.85
126.0,134.5,125.95,132.65
133.0,137.5,131.0,133.85
132.7,137.5,129.3,135.1
136.7,142.1,136.0,137.35
138.75,139.9,132.05,132.9
133.75,135.0,132.45,134.15
134.2,134.45,131.5,132.05
132.0,135.65,131.5,132.3
131.6,134.5,130.7,132.55
132.85,136.45,131.95,135.8
136.1,139.8,136.0,138.05
137.8,140.75,137.5,139.8
139.0,141.4,137.65,140.7
141.0,145.6,140.4,144.2
144.0,154.0,142.4,151.6
153.85,155.0,147.5,148.65
149.0,153.3,146.55,147.75
148.75,152.65,148.0,150.05
170.0,174.9,162.2,163.4
164.65,165.5,157.0,157.9
158.7,164.5,155.1,162.6
162.2,164.4,157.2,161.15
162.55,163.7,160.0,161.15
162.25,163.0,159.5,160.65
161.65,161.65,156.8,157.45
158.0,160.5,155.25,157.55
156.0,157.35,150.5,151.45
152.3,152.3,143.4,146.85
146.8,153.9,146.8,152.45
154.35,154.35,146.8,148.05
148.45,150.9,146.3,148.4
149.0,154.65,148.15,151.75
154.0,154.4,150.2,151.35
150.2,152.3,149.5,150.2
150.2,155.6,150.2,153.25
153.95,159.4,153.55,158.15
159.0,160.35,155.75,156.65
157.2,158.5,155.0,155.3
155.6,160.6,153.9,155.5
156.0,158.0,154.1,154.9
155.45,159.25,154.65,155.25
156.7,156.7,153.25,154.0
154.6,156.15,153.0,153.5
153.7,154.5,152.1,152.8
153.4,155.2,152.0,152.85
153.45,153.8,148.85,149.95
150.1,153.0,150.0,150.85
151.95,152.5,149.15,149.65
149.65,152.95,149.25,150.75
150.85,157.4,150.6,156.8
158.3,164.3,156.65,160.2
161.0,165.7,157.45,162.4
162.7,165.0,161.0,162.2
162.2,165.5,159.7,160.8
161.25,162.9,158.1,159.2
158.25,163.0,158.25,159.35
160.5,162.85,155.1,157.0
153.0,153.05,147.1,147.8
148.0,151.3,145.25,147.65
147.0,150.65,145.25,146.65
147.0,147.6,142.85,143.6
143.5,144.8,141.25,143.6
143.0,146.4,140.6,141.6
142.0,146.75,142.0,145.1
146.0,148.45,144.6,147.15
148.0,155.0,146.15,154.05
155.5,166.4,155.2,161.1
161.5,162.25,156.65,160.0
160.05,162.3,157.3,158.75
160.0,161.5,158.8,159.35
159.75,163.0,158.0,161.65
162.45,177.3,161.7,175.65
177.7,183.5,170.1,171.2
168.0,178.45,167.5,174.3
175.2,180.55,168.8,171.25
172.5,172.8,163.6,164.2
164.5,164.7,158.4,160.05
159.0,164.8,158.0,160.05
161.5,165.85,160.4,163.6
164.4,165.9,161.1,161.9
162.8,166.9,160.5,165.3
165.5,165.85,160.9,161.5
161.5,164.6,158.4,158.9
159.95,160.45,153.7,157.2
159.6,161.65,158.15,159.55
159.95,162.8,152.6,159.6
160.15,163.0,160.15,161.85
161.95,168.7,161.95,164.95
165.8,166.0,163.0,163.75
164.1,167.9,162.9,164.6
164.2,168.9,164.1,166.95
167.8,170.5,164.15,165.75
165.65,166.95,164.0,164.45
165.0,169.35,162.1,166.95
167.0,168.4,163.6,164.7
164.95,168.1,163.1,165.0
165.95,168.05,165.3,165.7
166.0,167.8,164.6,166.0
166.6,171.0,166.6,167.7
168.45,169.75,166.5,167.55
168.0,173.4,165.25,170.0
170.05,172.5,167.25,168.85
169.1,172.8,168.2,169.15
170.2,172.85,167.1,169.7
170.3,171.3,168.2,168.5
168.5,169.0,161.5,162.6
163.0,163.0,158.25,159.7
160.25,162.95,154.1,156.4
156.95,160.5,156.2,159.9
160.0,162.95,159.55,160.75
162.0,162.0,157.4,158.55
158.7,160.35,157.4,157.85
158.5,162.0,156.2,158.05
157.0,158.0,149.6,150.5
152.0,152.2,144.8,145.5
146.45,147.35,142.55,142.95
143.05,147.35,137.75,145.35
143.8,143.9,136.05,138.85
135.0,137.8,132.75,135.6
131.9,133.8,124.5,132.7
134.65,138.5,134.65,136.8
137.2,142.7,136.5,140.45
137.0,140.5,137.0,138.8
140.45,143.8,140.0,142.5
143.85,145.0,141.0,141.2
142.9,144.15,138.95,139.5
140.45,141.2,137.15,137.9
137.9,138.1,134.0,134.8
134.8,136.4,133.3,134.0
134.6,135.2,132.0,132.8
131.8,134.3,131.55,133.0
133.95,136.0,133.2,135.35
135.9,136.8,131.25,132.15
133.1,134.75,132.2,132.95
132.0,133.15,131.55,131.9
132.2,133.1,131.0,131.35
130.5,131.4,128.0,128.6
129.05,130.35,124.1,125.05
125.0,125.35,123.0,124.15
124.6,125.6,122.0,123.85
124.1,127.0,122.0,122.4
123.55,124.0,120.05,121.55
121.75,124.0,121.15,122.4
121.6,126.0,121.5,124.25
123.5,124.9,121.5,121.75
122.3,123.65,121.25,121.95
122.0,122.4,118.0,118.65
118.45,119.7,117.9,118.4
121.5,121.5,117.3,118.0
118.1,119.0,116.2,116.9
114.0,116.8,113.55,114.95
114.75,114.9,112.0,112.8
113.8,116.7,113.45,113.85
113.95,114.8,112.6,113.0
114.0,122.35,113.2,121.4
121.25,122.9,119.15,122.35
122.6,127.5,122.1,123.1
124.5,126.35,124.05,125.15
125.35,126.3,124.5,125.85
125.85,128.0,125.65,126.45
127.8,128.0,125.9,127.35
127.15,127.6,123.85,125.6
125.05,129.25,124.85,127.6
127.65,128.9,126.2,126.9
125.5,126.8,125.0,126.05
126.4,131.4,126.25,130.15
131.0,134.7,129.1,130.8
131.8,132.45,129.4,131.9
131.4,134.0,130.1,132.8
132.65,133.25,130.0,130.6
130.3,132.5,130.0,130.55
130.1,135.5,129.8,132.6
133.3,134.6,131.0,132.7
133.35,133.7,131.2,132.0
132.0,137.45,131.8,135.85
135.6,136.9,131.55,132.65
132.05,133.95,130.05,131.6
130.85,132.8,130.2,132.15
133.0,135.0,131.1,133.3
127.95,128.0,123.25,123.95
123.0,125.8,122.55,123.95
125.0,125.0,120.2,120.9
121.65,123.0,120.0,120.4
121.0,121.45,118.05,119.3
118.8,119.6,115.0,115.7
115.7,116.2,114.1,115.2
116.0,116.9,114.75,115.35
116.0,116.0,113.4,113.85
115.0,115.0,110.1,110.7
110.65,112.0,109.15,110.9
110.45,113.4,110.2,111.65
112.2,112.2,109.8,110.6
110.3,114.9,110.05,113.75
113.75,117.7,112.85,116.9
117.0,118.2,113.8,116.45
115.7,117.0,114.55,116.0
116.8,119.5,115.5,117.6
118.95,119.5,114.7,115.85
116.2,116.8,114.0,115.0
115.2,115.8,110.8,114.2
113.8,116.35,112.6,116.0
116.45,118.2,115.55,117.25
116.9,122.0,115.7,119.6
118.7,123.95,118.7,123.1
124.3,127.0,122.5,123.1
122.9,123.65,119.1,119.35
118.9,121.3,118.1,119.75
119.9,122.4,119.2,121.75
120.1,123.85,119.0,123.15
122.0,123.1,119.5,122.65
122.0,123.7,120.1,121.35
121.3,121.65,120.1,120.75
120.55,120.85,119.2,119.8
119.1,119.5,118.0,118.75
118.75,118.75,116.75,117.1
117.05,117.1,111.75,114.5
113.5,113.5,111.5,112.25
112.25,113.9,111.9,112.95
113.5,113.5,110.0,111.9
112.0,134.0,110.5,126.15
125.45,125.6,118.5,119.2
117.8,123.2,115.8,118.1
118.0,121.4,117.1,118.35
119.05,123.0,118.25,119.15
120.0,121.4,118.5,118.95
119.95,120.9,117.4,118.75
119.5,120.4,117.15,117.9
117.9,118.25,115.0,115.35
115.55,116.2,109.0,109.7
110.0,113.1,109.0,112.55
112.6,113.7,109.55,110.6
111.0,111.35,108.25,108.8
108.8,109.6,107.7,108.8
108.8,111.45,108.5,110.1
110.5,113.4,110.25,113.0
113.8,115.4,113.0,114.4
114.9,115.95,113.1,114.1
111.0,113.75,111.0,112.7
112.7,116.95,112.5,114.25
114.25,116.5,112.8,114.05
114.1,115.85,113.5,114.2
114.2,115.5,113.5,113.85
114.25,114.95,113.0,113.35
114.15,114.6,113.0,113.3
113.45,113.85,111.8,112.4
113.0,113.4,111.9,112.4
112.65,113.25,112.15,112.5
112.75,112.9,111.0,111.25
111.4,111.4,110.0,110.25
110.85,112.8,110.5,111.15
111.85,112.8,108.7,110.0
110.55,111.9,110.0,111.1
110.4,111.45,109.55,110.1
110.2,116.8,109.35,114.75
115.0,115.3,112.15,112.9
113.4,113.4,111.55,112.05
112.15,113.7,111.65,111.9
111.2,113.4,111.2,112.2
112.0,116.2,111.8,113.8
114.1,116.9,112.8,115.2
115.7,118.0,112.9,116.9
116.7,119.7,116.0,116.3
116.95,116.95,111.45,111.9
112.45,113.4,109.3,112.35
112.6,113.45,111.4,112.35
112.5,114.4,111.65,112.75
112.1,115.8,112.0,112.35
112.55,113.15,110.25,111.05
112.0,112.5,108.0,110.15
111.0,114.35,111.0,112.7
112.1,113.65,110.75,111.4
111.3,113.4,110.1,110.4
111.0,112.05,109.0,109.45
110.2,110.25,99.0,106.0
106.0,106.55,99.55,101.65
100.25,102.85,99.35,101.6
102.4,102.55,100.2,100.6
100.6,102.4,99.4,100.25
100.15,100.85,95.2,97.0
97.2,97.75,91.95,95.5
96.0,102.4,95.4,98.4
97.9,99.5,96.0,97.25
96.2,97.65,94.5,95.1
95.0,96.6,93.25,94.15
94.4,94.7,92.5,93.15
93.05,96.45,93.05,95.5
93.0,95.4,92.05,93.95
95.5,96.7,94.65,95.35
97.3,101.75,95.5,100.9
102.85,105.7,102.5,103.4
104.0,104.25,100.55,100.75
99.95,101.0,98.3,99.05
99.95,100.2,96.5,97.45
96.35,96.8,95.55,96.35
96.5,98.35,95.4,96.15
95.0,95.8,94.0,94.7
95.55,96.1,93.55,94.4
94.1,96.6,93.55,96.15
95.9,98.0,95.65,96.25
96.9,96.9,94.5,95.65
96.0,98.25,95.4,97.05
98.1,99.3,96.3,97.2
96.95,98.9,96.1,97.8
98.0,98.7,95.4,96.5
97.0,98.4,96.1,97.85
97.3,99.0,97.1,98.4
98.55,99.75,98.0,98.25
97.8,98.15,96.25,97.25
97.4,100.7,97.0,99.15
99.15,99.35,97.65,98.45
98.25,99.0,97.25,98.1
98.0,98.55,97.0,98.15
97.95,100.0,97.6,98.05
97.95,99.35,97.5,98.25
98.3,98.3,95.8,95.95
96.05,96.7,94.85,95.4
95.1,96.0,94.5,95.55
95.45,95.95,94.55,94.95
95.0,95.35,93.2,94.55
94.55,94.95,94.0,94.25
94.25,95.5,93.6,94.75
94.85,97.45,94.0,94.85
94.6,95.2,93.8,94.0
94.4,94.7,92.7,93.35
94.3,94.3,92.5,92.75
92.35,92.35,90.55,90.75
89.95,91.3,89.3,91.0
91.6,92.5,90.65,92.1
92.35,93.6,92.25,92.85
92.9,92.9,91.5,92.35
92.5,95.8,92.1,94.8
94.5,96.4,94.0,95.9
96.4,97.2,94.9,95.75
95.3,95.55,93.5,93.8
93.6,96.3,93.3,94.75
95.5,95.8,94.15,95.45
95.5,96.35,94.1,95.25
95.35,95.95,94.85,95.4
95.2,98.5,95.15,97.1
97.3,98.25,96.95,97.3
97.35,100.05,96.75,98.75
98.1,99.55,96.75,97.25
97.25,97.4,95.6,97.05
97.05,99.65,95.5,97.4
97.7,98.3,96.4,97.0
97.0,98.3,96.2,97.35
97.6,98.95,97.0,97.55
97.1,99.55,97.0,99.15
99.7,100.85,98.5,99.2
99.0,102.5,97.05,101.0
101.0,101.7,99.5,100.05
100.15,100.75,99.1,99.5
99.5,100.65,98.5,98.7
99.65,99.65,97.35,97.75
97.95,98.4,94.8,95.25
94.85,95.4,91.3,92.15
92.9,93.55,91.8,92.5
96.0,97.5,93.15,93.8
94.8,95.95,92.15,92.6
92.0,92.65,90.05,91.4
91.55,91.55,90.05,90.85
88.95,89.9,87.15,88.85
88.9,90.7,88.85,90.15
91.0,91.0,89.1,89.35
88.35,89.45,88.0,88.35
88.1,88.25,86.5,86.75
87.1,87.2,84.1,85.3
85.9,87.2,84.9,86.75
86.55,86.55,84.35,84.8
84.8,84.8,83.5,83.9
83.9,84.75,83.05,84.35
84.35,84.45,83.2,83.4
83.25,83.35,82.05,83.0
83.1,83.6,81.55,82.45
82.45,82.45,81.0,81.2
81.2,82.0,80.55,81.45
81.7,82.5,81.1,81.7
82.1,84.75,81.7,83.1
83.15,85.1,82.9,84.15
84.9,86.4,83.5,85.2
85.25,85.25,82.15,84.0
85.2,85.6,83.1,83.7
84.2,84.4,83.5,83.9
84.0,86.0,83.75,85.8
86.1,90.0,86.1,89.55
91.05,93.6,89.5,91.2
91.5,91.95,89.8,90.2
92.0,93.0,90.25,90.95
91.0,95.95,91.0,92.6
93.4,94.8,92.7,93.05
93.25,93.8,91.6,92.15
92.0,99.65,92.0,95.5
95.4,96.95,94.0,94.25
94.1,95.5,93.0,93.6
93.7,97.1,93.15,95.9
96.7,96.7,94.0,94.3
94.2,94.7,92.65,92.9
92.5,92.5,90.05,90.25
90.85,91.5,89.1,89.8
89.8,91.8,89.4,90.1
90.2,91.2,89.55,89.85
90.25,91.4,89.55,90.2
90.6,93.25,90.6,92.55
93.0,95.65,92.55,93.7
93.75,95.3,92.5,92.75
93.25,93.4,90.1,90.8
91.9,92.8,91.0,91.85
92.7,92.7,90.8,91.15
91.7,91.8,90.15,91.1
91.1,92.3,90.8,91.1
91.5,92.25,90.6,91.9
91.9,93.1,91.4,92.45
93.7,93.7,92.2,92.5
92.95,93.8,92.3,92.9
93.2,93.2,91.4,92.0
94.0,95.4,92.05,92.6
92.5,93.35,90.4,91.0
91.5,92.1,90.65,91.2
90.65,91.5,90.5,90.7
90.2,91.45,90.2,90.5
90.25,90.65,88.55,89.0
89.2,89.2,87.5,87.85
88.75,88.8,86.5,86.85
86.2,87.3,85.8,86.85
87.9,87.9,85.5,85.75
86.9,86.9,84.6,85.6
85.4,86.65,84.65,86.05
86.0,86.8,85.65,85.95
87.2,87.5,84.0,84.3
84.55,85.25,82.05,83.75
84.55,88.0,83.95,85.35
86.75,91.6,84.3,87.85
87.35,89.35,86.2,87.65
88.65,92.45,86.5,90.85
90.95,91.85,88.65,89.25
89.25,89.65,87.55,89.2
90.05,91.8,87.35,88.1
88.1,89.9,88.1,89.4
89.9,92.7,89.55,91.5
92.15,93.65,91.5,91.85
92.25,93.0,91.0,91.2
91.2,91.2,89.55,89.7
90.05,90.9,89.0,89.75
89.75,92.25,89.15,90.9
90.9,92.95,90.75,91.15
91.15,91.35,89.0,89.25
89.0,89.7,87.75,88.7
72.0,89.75,72.0,86.65
87.0,87.85,86.35,86.6
86.6,86.9,85.5,86.25
86.0,86.0,84.45,85.05
85.3,85.6,83.2,83.5
84.0,84.7,82.6,82.85
83.0,83.1,80.75,81.55
82.0,82.55,75.0,77.1
77.1,80.9,76.15,80.25
80.95,83.85,79.0,81.65
80.55,81.6,78.4,79.7
79.5,80.9,78.2,80.05
79.6,83.25,78.1,82.45
83.15,84.8,81.75,82.9
82.75,83.1,81.45,82.15
82.0,82.5,81.0,81.55
81.55,82.0,81.2,81.75
81.55,81.9,79.5,79.9
79.7,80.45,78.8,79.2
79.0,79.7,78.55,79.2
79.5,79.75,76.3,76.85
76.1,78.75,76.1,78.05
78.25,78.7,76.45,77.2
77.0,77.5,76.25,77.1
77.1,78.4,76.35,77.7
78.0,79.5,76.45,78.0
77.2,78.0,76.65,77.6
77.8,79.25,77.1,78.45
78.95,78.95,76.75,77.15
77.2,77.45,75.5,76.4
76.1,76.75,74.45,75.3
76.3,76.3,74.3,74.55
74.6,74.95,73.2,73.4
73.5,75.25,71.2,74.5
75.0,78.7,74.1,76.4
77.05,77.2,74.6,75.35
76.4,76.4,72.15,74.6
74.85,75.95,72.0,75.15
75.0,76.6,74.05,75.3
74.6,74.75,72.5,73.3
73.0,73.2,70.0,70.65
70.1,72.95,70.1,72.4
72.0,73.5,71.2,71.75
71.55,72.25,70.5,71.45
71.45,73.75,71.4,73.5
73.2,73.5,72.0,72.6
72.0,73.95,71.1,73.2
73.8,74.0,71.7,73.4
72.7,74.05,72.2,72.85
73.2,74.7,70.0,72.2
72.85,72.85,70.55,71.15
70.55,70.95,68.6,68.8
69.45,70.35,67.1,69.75
70.1,71.0,69.1,70.45
70.9,72.65,70.3,72.1
72.2,78.0,71.45,75.5
75.2,76.0,72.85,73.8
73.5,76.9,72.9,75.2
75.0,75.0,73.15,74.1
73.0,74.1,72.45,73.15
72.8,74.05,72.8,73.7
73.95,74.85,73.45,74.35
74.5,75.25,73.25,74.85
74.1,81.4,74.1,79.6
79.1,82.0,78.3,79.4
79.1,81.45,78.25,80.2
79.8,83.25,79.1,81.1
81.5,82.7,78.2,78.85
80.1,81.2,79.3,80.2
80.0,82.9,79.75,80.65
82.0,82.8,80.2,81.6
81.65,84.8,81.0,82.3
82.35,83.8,81.3,81.75
81.6,81.85,79.7,81.05
81.65,81.75,80.55,80.8
80.3,81.45,79.25,79.7
79.95,79.95,76.65,77.25
77.55,77.65,74.0,74.65
74.8,75.7,74.0,74.3
75.15,75.15,73.0,73.5
74.1,74.2,72.55,72.8
72.85,73.3,71.6,73.0
73.0,75.5,72.55,74.65
75.75,75.75,74.25,75.05
75.4,75.85,74.5,74.95
75.0,76.4,74.15,75.9
75.85,76.15,74.75,75.1
74.55,75.45,74.05,75.1
75.3,77.35,74.7,76.65
76.65,77.65,75.8,76.25
76.5,79.2,75.75,76.9
77.55,79.2,76.8,77.25
77.6,77.95,76.15,77.15
79.0,79.0,77.7,78.6
82.0,83.85,81.05,81.7
82.4,85.7,81.6,83.5
84.15,87.0,83.45,85.4
86.4,87.0,85.05,85.3
86.0,87.4,85.5,86.05
86.9,86.9,83.1,83.55
83.55,84.0,82.3,82.75
83.1,84.9,82.05,83.2
83.4,88.2,82.55,83.9
84.6,85.05,83.65,84.25
83.95,84.95,81.2,81.6
81.8,82.4,81.1,81.45
81.5,82.9,80.05,80.4
80.35,81.2,79.0,79.7
80.7,81.9,79.4,80.2
80.65,81.5,79.15,79.55
79.9,83.5,79.4,82.7
82.0,84.9,81.9,84.1
85.0,85.8,83.3,83.65
84.3,85.25,83.1,83.6
84.4,87.3,82.8,86.15
85.5,89.5,85.4,87.1
86.5,90.3,86.5,88.9
89.3,93.7,88.15,92.85
93.7,97.0,93.3,95.5
93.3,97.0,93.0,96.25
98.85,99.0,94.5,96.1
96.55,98.3,95.65,97.7
98.4,98.45,94.3,94.75
96.2,96.2,92.0,93.5
94.7,96.5,92.25,93.4
93.95,95.45,93.3,94.0
94.5,95.05,93.2,94.0
94.4,94.5,92.3,92.95
94.0,97.5,93.45,95.2
94.4,95.05,91.2,91.8
91.0,92.75,90.1,92.2
92.6,93.0,91.35,91.8
91.0,93.25,91.0,91.6
91.6,93.0,91.15,91.65
91.7,92.4,91.55,91.75
91.9,92.3,91.2,91.85
92.3,92.45,91.05,92.05
92.0,94.25,91.2,92.1
92.5,92.7,91.3,91.5
91.9,93.25,91.55,92.45
92.7,96.2,92.5,93.9
92.75,93.25,90.1,90.35
91.05,92.55,90.5,91.55
91.0,91.55,88.6,89.15
90.3,92.8,90.0,91.45
91.8,93.95,91.8,93.3
95.0,99.85,94.3,97.55
97.75,102.95,97.05,100.35
100.5,101.55,99.5,99.9
99.9,104.0,99.85,101.95
102.9,103.85,98.5,99.35
99.35,102.8,98.85,100.45
99.5,106.95,99.5,102.95
103.95,105.35,101.05,102.3
102.9,105.45,102.55,103.9
103.75,105.4,102.55,103.3
102.8,104.55,101.5,102.0
102.5,103.65,98.0,99.35
106.1,107.8,102.6,103.35
103.95,104.0,99.05,99.95
100.5,100.8,97.4,98.1
97.35,97.55,93.1,93.7
93.7,94.15,91.35,92.85
93.5,98.15,93.0,97.3
98.1,102.0,97.55,99.4
100.3,100.4,98.0,98.3
98.0,99.4,97.15,98.7
98.75,98.75,96.3,97.2
97.5,98.7,95.05,95.55
95.6,97.8,94.7,97.05
97.5,97.5,94.8,95.1
94.8,96.1,93.55,94.1
94.25,94.9,91.4,91.75
91.5,91.75,89.55,91.05
91.1,96.0,91.1,95.2
95.4,96.6,93.75,94.25
93.0,95.4,92.3,92.65
92.35,94.2,91.0,91.7
90.9,91.4,89.7,89.95
89.95,90.05,85.15,86.25
83.0,83.75,80.0,80.65
81.7,83.0,77.05,78.6
78.95,80.35,78.3,79.45
80.0,82.5,78.45,80.45
81.0,83.5,78.55,79.7
73.15,77.0,73.15,76.45
74.85,74.9,70.0,71.8
72.85,74.5,70.95,71.45
70.0,70.0,65.8,66.8
58.2,68.75,53.45,66.8
64.0,67.8,62.8,64.3
64.45,66.0,62.8,63.1
63.6,65.4,60.0,60.7
58.0,60.5,56.0,58.7
58.75,60.9,58.15,59.8
56.0,56.0,48.15,51.65
53.65,54.25,49.0,49.4
49.4,50.9,48.0,50.5
50.25,57.0,50.25,54.1
59.0,59.0,53.4,54.6
53.6,58.2,52.4,55.0
57.0,57.4,55.7,56.15
57.8,57.95,54.0,54.8
55.85,56.3,54.0,54.3
57.0,59.0,55.3,58.5
58.5,61.65,57.5,59.8
64.7,69.0,62.35,68.1
70.5,74.8,70.0,71.25
72.5,74.2,69.3,70.1
70.05,71.9,69.7,70.75
72.2,72.95,70.6,71.2
72.55,75.4,71.3,73.9
73.0,73.0,70.2,70.55
70.55,70.9,68.7,70.0
71.7,72.85,69.3,70.85
70.55,72.75,70.15,70.2
72.0,72.0,70.3,70.8
71.15,76.0,70.55,73.95
73.15,76.75,73.15,75.25
76.25,82.7,75.5,78.5
74.0,76.5,74.0,75.95
77.9,79.95,77.05,77.7
79.8,79.8,76.1,76.95
76.95,76.95,74.0,74.55
75.0,75.5,72.15,72.5
72.8,73.5,71.8,72.05
71.85,71.85,69.0,70.75
73.7,73.95,71.65,72.55
71.5,73.15,71.15,71.5
72.2,74.8,71.0,72.2
72.8,72.9,69.25,70.15
70.8,72.5,69.85,71.15
71.2,71.95,70.65,71.2
71.4,73.2,70.55,71.3
70.5,72.2,70.5,71.05
71.35,73.95,71.35,73.15
73.75,74.9,72.0,73.85
74.45,74.7,73.5,74.0
73.7,75.3,72.1,74.55
76.4,76.4,73.75,74.65
75.7,75.85,75.05,75.2
74.9,77.4,74.9,76.0
75.95,77.85,75.8,76.3
76.15,79.85,76.15,79.3
80.4,82.0,78.85,79.5
80.55,81.0,77.95,78.35
78.4,84.6,78.4,82.05
82.7,90.5,82.25,85.25
82.4,86.5,78.75,83.55
83.55,84.9,81.15,81.9
82.95,86.95,78.4,85.15
84.5,87.0,83.5,84.9
84.8,87.2,84.45,85.0
85.0,87.15,83.6,84.35
85.75,85.9,83.7,84.05
84.2,84.85,83.5,84.15
84.65,86.2,83.6,84.1
84.0,85.0,83.1,84.25
85.0,85.8,83.4,83.6
83.15,83.4,82.0,82.25
82.35,84.5,81.5,81.95
81.5,82.7,81.05,81.95
82.25,82.7,81.55,81.9
82.05,85.45,82.05,84.35
85.8,87.85,85.05,86.6
86.7,87.0,85.05,85.65
86.4,88.8,85.35,87.7
88.4,89.25,87.0,87.25
86.95,87.8,82.6,83.0
83.15,84.45,79.6,80.3
80.2,81.3,77.7,78.0
79.0,80.7,78.4,79.0
79.15,80.0,78.55,79.2
79.8,81.35,79.05,80.1
80.9,81.0,79.55,80.05
82.0,82.0,80.25,80.55
80.4,81.5,80.25,80.55
81.4,84.25,81.1,82.6
82.0,84.45,82.0,83.15
84.0,84.0,81.25,81.9
82.45,84.0,81.9,83.3
96.65,96.65,91.3,93.1
94.0,95.5,93.0,93.55
93.4,94.0,89.55,90.55
90.35,95.0,89.05,93.1
93.5,96.5,93.45,95.5
97.15,98.7,96.15,96.85
96.05,102.3,96.05,100.6
100.5,106.9,99.1,106.2
107.25,110.4,107.0,109.0
110.0,111.5,103.9,105.45
105.35,106.95,102.7,106.4
107.0,110.2,106.5,108.7
109.45,109.8,103.1,105.5
106.5,107.1,104.4,104.85
105.75,108.75,105.1,107.7
108.4,116.65,107.15,115.6
115.0,117.9,114.1,115.45
115.45,118.45,115.45,116.3
117.35,119.9,116.3,116.75
117.5,117.65,112.9,113.6
114.0,118.75,113.75,117.65
117.2,119.6,116.5,117.4
117.75,118.3,115.0,115.45
116.5,116.95,107.4,108.85
108.7,110.5,105.45,108.7
109.75,112.95,109.0,112.25
113.0,116.85,112.25,114.3
111.3,114.1,111.05,112.25
113.3,114.6,108.55,109.5
109.9,110.9,106.75,107.2
106.15,106.9,103.35,106.1
107.0,108.0,106.35,107.25
107.25,110.6,106.9,109.35
111.5,112.65,110.0,111.8
112.75,112.9,111.3,111.85
112.2,114.2,110.6,110.9
111.8,114.4,110.75,111.65
112.25,112.8,108.75,111.85
111.8,112.9,104.9,105.55
104.5,105.0,100.35,103.0
103.2,104.85,99.85,101.6
99.5,101.7,97.7,98.4
100.1,103.85,100.1,101.7
102.75,105.4,102.7,104.5
106.0,106.5,103.8,104.5
105.4,106.0,103.5,104.6
106.2,109.5,104.55,105.15
105.9,106.8,104.5,105.05
105.9,106.4,104.45,104.95
104.15,105.25,103.35,103.75
104.7,104.7,102.5,103.1
103.7,104.3,102.25,103.95
105.0,105.0,102.2,102.85
103.3,104.2,101.4,102.05
102.95,102.95,100.1,101.2
102.3,102.75,100.0,100.3
100.45,101.6,99.4,100.35
101.4,103.95,100.8,102.9
103.45,104.5,102.25,103.8
104.3,107.4,101.5,101.9
101.9,106.9,101.6,105.65
106.7,110.6,105.4,109.1
110.35,110.75,104.7,108.35
108.0,113.4,107.0,109.55
109.85,110.5,107.2,109.3
104.0,107.6,101.0,101.45
102.35,103.45,99.7,101.6
102.0,102.95,99.3,99.85
100.5,101.8,99.05,99.75
100.9,101.0,99.2,100.4
100.9,104.2,100.3,102.6
102.8,103.95,100.75,101.45
103.45,103.45,102.0,102.9
103.25,103.25,101.1,102.3
102.8,102.9,100.75,101.45
101.9,103.2,101.4,102.55
103.25,103.95,101.8,102.15
103.4,103.6,102.0,103.3
104.05,104.3,102.4,102.65
103.25,103.95,102.3,102.65
102.95,103.45,101.2,101.9
102.4,103.6,102.15,102.5
103.0,104.8,102.5,103.7
103.9,104.55,103.6,103.9
104.6,104.8,102.5,102.75
103.0,103.8,101.35,102.6
102.6,104.35,102.1,103.25
103.8,107.85,103.2,105.25
106.15,108.7,105.5,107.6
108.65,109.9,108.6,109.1
109.9,110.4,105.55,107.3
107.35,112.5,107.35,111.1
112.2,112.75,108.4,110.6
111.7,113.9,110.55,112.2
111.75,111.8,109.1,110.6
111.0,112.3,108.3,109.05
109.65,110.7,108.1,108.5
108.6,108.7,106.3,108.15
108.25,109.4,108.25,108.6
108.95,111.75,108.45,109.2
109.7,110.2,107.7,108.5
108.2,109.0,99.0,101.55
102.0,104.2,98.4,103.05
103.05,107.25,102.5,106.65
107.45,107.55,103.9,104.65
105.4,106.8,105.0,105.95
106.8,107.35,105.1,105.95
106.0,106.75,105.0,105.55
105.1,105.85,104.15,104.65
105.05,108.7,103.5,107.95
109.0,110.0,107.55,108.7
107.55,108.7,106.5,107.85
108.0,108.85,106.0,106.65
107.55,107.65,105.9,106.2
107.0,108.2,105.65,106.3
107.5,108.5,106.1,106.95
107.4,116.6,107.0,113.95
115.85,120.0,113.35,115.85
116.85,116.85,114.25,115.05
114.75,115.85,111.0,112.6
112.9,113.6,108.05,109.25
109.55,113.4,109.55,111.45
112.3,114.65,111.45,112.65
113.6,117.3,113.05,114.05
115.75,118.75,115.15,116.75
118.7,121.5,115.05,116.65
116.65,116.7,109.9,111.3
111.3,116.0,111.3,112.65
114.35,114.35,109.65,110.5
111.2,113.9,108.5,112.45
114.0,114.9,111.85,112.4
113.4,114.5,112.1,113.0
113.0,114.4,112.4,113.5
113.95,114.35,111.05,111.3
111.95,112.35,110.35,110.75
111.5,112.35,109.6,109.95
110.35,110.6,107.1,108.0
108.0,109.8,107.7,108.35
108.75,111.45,108.15,110.25
110.65,111.1,109.0,109.25
109.75,111.75,107.7,109.25
111.0,112.65,107.1,107.35
107.95,108.45,106.7,107.2
107.2,107.7,104.7,105.35
105.8,105.85,104.0,104.35
105.1,109.3,104.8,108.4
113.4,114.0,109.05,111.95
111.95,119.4,111.65,118.5
116.8,135.7,115.25,130.0
133.0,136.95,129.2,131.75
132.05,132.25,127.3,128.3
129.0,135.4,126.4,132.05
130.6,138.8,129.05,134.55
134.0,136.8,127.5,128.45
129.8,130.75,126.6,127.7
128.5,130.9,125.0,126.2
126.95,128.35,125.55,126.6
127.45,133.6,126.1,131.7
132.45,132.45,126.5,128.3
129.15,130.55,126.3,127.25
127.95,128.15,120.55,121.35
122.5,124.7,117.25,119.3
118.85,118.85,112.7,117.45
118.4,118.95,115.3,116.5
117.3,128.7,116.7,126.1
124.8,125.9,119.2,120.05
120.0,121.25,114.3,116.2
117.8,124.0,116.75,121.15
121.0,123.2,120.0,121.9
121.45,122.3,118.85,119.95
120.65,123.9,120.55,122.85
122.85,122.85,117.5,121.1
121.15,126.0,119.65,124.9
125.6,130.5,125.2,127.55
128.7,129.5,125.2,126.5
127.35,127.5,124.5,125.6
123.0,123.1,116.05,117.45
119.15,121.5,116.6,117.55
117.65,118.6,115.2,116.45
117.1,119.75,116.75,119.05
115.5,117.4,114.0,114.45
115.25,117.4,114.25,115.8
115.0,117.4,114.15,116.1
115.2,126.75,115.2,125.05
126.9,129.15,124.75,126.7
128.05,128.8,125.8,126.95
128.5,130.9,126.75,127.35
129.7,130.8,126.4,127.8
133.25,139.85,129.0,131.0
130.85,139.45,127.4,137.7
141.0,147.3,140.1,141.55
143.4,145.65,140.55,142.55
145.0,149.95,143.75,148.55
150.0,154.7,144.05,153.1
154.25,172.0,153.15,168.4
165.75,180.9,161.15,172.4
173.4,176.75,159.8,163.5
165.85,169.2,157.55,160.4
161.8,168.7,158.5,166.1
167.85,168.6,160.0,161.6
163.0,180.0,163.0,177.8
181.25,185.85,179.1,183.25
184.8,185.45,176.15,178.5
180.0,181.4,172.25,178.7
180.25,181.75,175.0,178.05
178.4,181.5,176.05,178.65
180.4,188.6,179.5,183.8
184.6,185.5,177.0,179.85
182.0,183.7,178.4,179.2
180.0,181.35,172.65,174.25
173.55,175.65,172.05,174.0
176.9,178.7,175.6,176.7
177.9,177.9,173.75,174.35
176.4,176.65,173.0,174.35
176.25,178.9,174.1,177.45
179.0,184.7,176.25,178.75
179.5,190.0,179.1,186.95
187.2,193.4,186.3,188.6
188.5,188.5,177.55,184.65
184.15,186.5,180.8,181.8
182.25,185.95,178.35,181.35
179.6,183.2,177.5,178.45
179.0,180.2,168.0,175.15
170.05,175.95,168.65,174.05
175.2,178.7,175.2,175.95
177.3,177.3,173.1,174.2
175.75,175.75,172.05,172.9
173.05,178.95,172.2,177.8
180.95,185.4,178.5,183.35
185.1,189.0,184.55,185.75
187.7,190.6,186.5,187.65
188.6,189.0,183.0,184.55
183.05,187.5,182.15,186.4
187.85,198.35,187.85,192.45
193.8,194.8,187.35,188.8
187.8,193.95,185.4,192.85
193.0,194.3,187.5,190.45
190.45,192.5,187.7,189.9
191.5,191.85,185.85,186.6
188.6,193.95,186.2,192.2
190.05,195.35,189.5,192.2
192.5,194.25,191.0,192.15
193.25,194.2,189.5,190.25
190.4,191.4,187.5,189.1
189.7,190.25,182.25,184.4
192.0,202.0,190.65,199.0
206.45,210.5,201.5,208.35
209.0,218.3,208.5,215.5
219.5,241.7,218.1,235.3
238.9,246.7,208.3,215.1
211.7,219.75,206.15,211.5
211.5,218.3,210.2,212.5
214.05,215.5,210.2,211.7
212.45,213.55,205.0,206.75
207.1,216.95,207.1,213.05
213.0,213.0,207.65,209.1
209.25,214.5,209.0,212.2
211.9,213.7,206.3,207.9
208.3,211.35,194.05,202.9
203.95,204.6,192.05,196.5
197.8,205.6,195.25,203.65
204.35,207.9,202.55,206.1
206.0,206.0,200.8,201.95
202.0,202.2,197.5,200.5
200.5,201.7,197.8,199.95
197.0,197.85,186.3,189.2
190.85,192.65,178.6,181.7
182.0,199.8,179.75,196.6
197.5,203.4,194.15,198.95
198.9,201.2,194.45,195.95
195.45,196.85,192.65,194.95
196.8,200.8,196.0,198.95
201.2,216.25,201.2,213.15
214.0,214.25,207.9,211.1
211.9,213.75,208.7,209.5
210.0,211.25,206.4,207.6
207.6,209.5,203.2,204.1
211.35,217.0,209.6,212.45
213.0,214.2,210.05,211.9
211.0,211.7,208.2,210.75
207.15,211.0,207.15,208.25
210.0,210.35,207.5,208.2
208.2,211.9,207.85,208.75
209.75,214.9,207.95,212.35
213.5,213.6,205.5,208.4
207.9,209.35,201.1,202.2
202.0,204.75,197.3,202.65
205.9,208.45,204.55,205.8
207.75,208.7,205.75,206.55
209.5,209.5,202.75,203.4
205.0,206.5,201.5,203.5
204.45,204.5,201.0,202.2
200.55,207.3,200.2,203.2
204.0,206.35,203.0,203.55
203.0,204.05,200.7,201.4
206.0,209.7,204.65,205.55
205.5,207.7,204.5,205.4
206.0,218.9,204.1,212.95
215.4,220.0,215.0,218.35
221.0,223.5,218.0,218.9
219.5,220.4,215.3,216.85
217.3,229.6,216.5,227.85
230.25,242.25,229.6,233.9
236.0,237.8,227.8,230.45
232.9,238.0,231.25,234.15
241.0,254.4,230.25,235.8
237.0,242.0,224.0,227.05
229.8,231.2,223.05,225.3
227.0,228.3,214.5,218.8
218.9,222.05,207.7,212.3
212.0,218.0,210.55,214.4
216.4,220.25,213.3,214.4
213.0,214.7,208.55,209.95
210.0,212.0,203.8,207.9
209.2,215.85,207.15,211.8
213.5,215.35,211.1,213.55
214.15,214.15,211.5,212.8
214.5,216.5,213.0,215.85
217.55,218.7,214.0,216.05
216.05,221.5,215.55,218.75
218.0,227.25,217.0,220.55
221.2,224.25,218.4,219.7
221.75,225.75,217.8,220.7
224.9,227.8,222.45,225.6
227.4,229.0,223.25,224.8
227.0,231.4,226.95,228.85
230.4,231.95,222.2,225.4
225.0,225.0,211.7,213.85
211.0,219.4,206.85,217.3
219.35,223.0,215.8,216.6
217.7,218.4,215.15,216.7
215.0,215.25,206.95,208.05
205.35,206.75,192.15,199.4
199.95,207.0,199.95,202.85
204.65,208.9,203.05,204.5
205.7,206.0,203.4,205.35
205.0,207.8,203.5,204.35
206.9,206.9,202.0,202.5
207.0,214.4,204.1,212.4
213.0,215.8,210.5,213.5
213.5,215.0,211.25,212.8
213.0,219.25,212.1,216.45
218.25,218.25,213.1,214.65
214.7,214.7,211.65,212.95
213.9,213.9,210.0,211.1
213.0,213.0,207.0,207.8
208.0,208.0,203.05,204.25
200.0,200.0,190.3,194.55
196.0,204.05,196.0,199.65
202.9,207.8,201.35,205.0
206.0,206.85,202.05,202.95
203.9,203.9,199.35,201.0
200.0,222.0,196.0,218.35
219.65,220.45,211.55,212.35
